{"cameraMode":{"drawMode":0,"name":"Shaded","section":"Shading Mode"},"sceneLighting":false,"audioPlay":false,"sceneViewState":{"showFog":true,"showMaterialUpdate":false,"showSkybox":false,"showFlares":true,"showImageEffects":true,"showParticleSystems":true},"in2DMode":false,"pivot":{"x":-24.100000381469728,"y":0.0,"z":6.600000381469727},"rotation":{"x":0.21480804681777955,"y":-0.41592636704444888,"z":0.10178407281637192,"w":0.8777819275856018},"size":67.63665008544922,"orthographic":false}