{"cameraMode":{"drawMode":0,"name":"Shaded","section":"Shading Mode"},"sceneLighting":true,"audioPlay":false,"sceneViewState":{"showFog":true,"showMaterialUpdate":false,"showSkybox":true,"showFlares":true,"showImageEffects":true,"showParticleSystems":true},"in2DMode":false,"pivot":{"x":-9.109999656677246,"y":23.56999969482422,"z":0.05000000074505806},"rotation":{"x":0.4676373302936554,"y":-0.029158450663089753,"z":0.015440333634614945,"w":0.8833174109458923},"size":22.0,"orthographic":false}